item_no,question,answer,pair,option_a,option_b,dist,true,prompt,chosen,rejected
1559372,What is the type of data received from the keyboard using the input() function?,String,"b, a",Float,Integer,0.15,B,"[INST] You are a teacher analyzing which distractor in a given Multiple Choice Question is more confusing for students and why.
Your review should include the following content in one paragraph:
- Describe realistic process of solving the problem from a student's perspective as you look at each distractor. Consider why it might be plausible as the correct/incorrect statement, based on students' misconceptions, mistakes, intuition, etc., from various angles.
- Output your choice as a single token, either A or B, that students are more likely to choose.

[Question]
What is the type of data received from the keyboard using the input() function?

[Answer]
String

[Distractor A]
Float

[Distractor B]
Integer

Generate in the following format:
### Review: 
### Choice: [/INST] ","### Review: When students approach the problem of identifying the type of data received from the keyboard using the input() function, they might first recall that the input() function captures whatever the user types. Distractor A, ""Float,"" might seem plausible because students could think about numerical input and mistakenly believe that input() automatically converts numbers into a float type. However, this misconception is less common because students typically learn that input() captures data as a string and requires explicit conversion to other types. Distractor B, ""Integer,"" is more confusing because students often deal with whole numbers in early programming exercises and might intuitively think that input() would directly capture integers without considering the need for conversion. This aligns with a common misconception that input() can directly interpret numerical input as an integer, making it a more frequent choice among students. Therefore, students are more likely to choose Distractor B.
### Choice: B"," ### Review: When students approach the problem of identifying the type of data received from the keyboard using the input() function, they might first recall that input() always returns data as a string, but misconceptions can arise. Distractor A, ""Float,"" might seem plausible because students could think about numerical data and mistakenly believe that input() automatically converts numerical inputs into a float type. This misconception could stem from their experience with other programming languages or functions that handle numerical data differently. On the other hand, Distractor B, ""Integer,"" might also appear reasonable because students often deal with whole numbers in basic programming exercises and might assume that input() directly converts numerical inputs into integers. However, the presence of decimal points in input data would ideally lead them to see that float is the correct data type for numerical input. Comparing the two, students are more likely to choose Distractor A, ""Float,"" because they might overlook the distinction between string and float types, especially if they are not fully comfortable with data types and type conversion in Python.
### Choice: A"
1559447,Which option is used to specify a specific string to be inserted between each item when using the input() function?,sep,"a, b",end,%,0.07,B,"[INST] You are a teacher analyzing which distractor in a given Multiple Choice Question is more confusing for students and why.
Your review should include the following content in one paragraph:
- Describe realistic process of solving the problem from a student's perspective as you look at each distractor. Consider why it might be plausible as the correct/incorrect statement, based on students' misconceptions, mistakes, intuition, etc., from various angles.
- Output your choice as a single token, either A or B, that students are more likely to choose.

[Question]
Which option is used to specify a specific string to be inserted between each item when using the input() function?

[Answer]
sep

[Distractor A]
end

[Distractor B]
%

Generate in the following format:
### Review: 
### Choice: [/INST] ","### Review: When students approach this question, they might first recall the common parameters associated with print() and input() functions in Python. Distractor A, ""end,"" is a parameter used in the print() function to specify what to print at the end of the output, which might confuse students who conflate the functionalities of print() and input(). This confusion is plausible because students often learn these functions together and might not clearly distinguish their parameters. On the other hand, Distractor B, ""%,"" is not a parameter for either function but might seem plausible due to its use in string formatting and other programming contexts. Students might mistakenly think it is a special character used for string operations in input(). Comparing the two, Distractor B is more likely to be chosen because it introduces a different kind of confusion related to string operations, which can be a common area of misconception. Students might incorrectly associate ""%"" with string manipulation, making it a more attractive but incorrect choice.
### Choice: B"," ### Review: When students approach this question, they might first recall the common parameters associated with print() and input() functions in Python. Distractor A, ""end,"" is a parameter used in the print() function to specify what to print at the end of the output, which might confuse students who are not clear on the distinct parameters for input() and print(). This confusion is plausible because students often learn these functions together, and the similarity in terminology can lead to overlap in their understanding. On the other hand, Distractor B, ""%,"" might seem less plausible because it does not directly correspond to any standard parameter in Python's input() or print() functions. However, students might mistakenly think of it in the context of string formatting or other uses of the percent symbol in Python, leading to some level of confusion. Comparing the two, Distractor A is more likely to be chosen because it aligns more closely with the actual parameter names students encounter, making it a more attractive but incorrect choice.
### Choice: A"
1559447,Which option is used to specify a specific string to be inserted between each item when using the input() function?,sep,"a, b",end,%,0.07,B,"[INST] You are a teacher analyzing which distractor in a given Multiple Choice Question is more confusing for students and why.
Your review should include the following content in one paragraph:
- Describe realistic process of solving the problem from a student's perspective as you look at each distractor. Consider why it might be plausible as the correct/incorrect statement, based on students' misconceptions, mistakes, intuition, etc., from various angles.
- Output your choice as a single token, either A or B, that students are more likely to choose.

[Question]
Which option is used to specify a specific string to be inserted between each item when using the input() function?

[Answer]
sep

[Distractor A]
end

[Distractor B]
%

Generate in the following format:
### Review: 
### Choice: [/INST] ","### Review: When students approach this question, they might first recall the common parameters associated with print() and input() functions in Python. Distractor A, ""end,"" is a parameter used in the print() function to specify what to print at the end of the output, which might confuse students who conflate the functionalities of print() and input(). This confusion is plausible because students often learn these functions together and might not clearly distinguish their parameters. On the other hand, Distractor B, ""%,"" is not a parameter for either function but might seem plausible due to its use in string formatting and other programming contexts. Students might mistakenly think it is a special character used for string operations in input(). Comparing the two, Distractor B is more likely to be chosen because it introduces a different kind of confusion related to string operations, which can be a common area of misconception. Students might incorrectly associate ""%"" with string manipulation, making it a more attractive but incorrect choice.
### Choice: B"," ### Review: When students approach this problem, they might first recall the common parameters associated with print() function in Python, which is frequently used in their coding practice. They know that 'end' is a parameter that specifies what to print at the end of the output, which might lead them to think it could also be used with input() to specify a string to be inserted between items. This misconception is plausible because students often confuse parameters between different functions due to their overlapping functionality and similar syntax. On the other hand, distractor B, '%', might confuse students who are familiar with the string formatting operator in Python, but it is less likely to be chosen because it doesn't directly relate to the context of the input() function. Comparing the two, 'end' is more likely to be chosen because it aligns more closely with the students' existing knowledge and misconceptions about function parameters in Python, making it a more confusing distractor.
### Choice: A"
1559447,Which option is used to specify a specific string to be inserted between each item when using the input() function?,sep,"a, b",end,%,0.07,B,"[INST] You are a teacher analyzing which distractor in a given Multiple Choice Question is more confusing for students and why.
Your review should include the following content in one paragraph:
- Describe realistic process of solving the problem from a student's perspective as you look at each distractor. Consider why it might be plausible as the correct/incorrect statement, based on students' misconceptions, mistakes, intuition, etc., from various angles.
- Output your choice as a single token, either A or B, that students are more likely to choose.

[Question]
Which option is used to specify a specific string to be inserted between each item when using the input() function?

[Answer]
sep

[Distractor A]
end

[Distractor B]
%

Generate in the following format:
### Review: 
### Choice: [/INST] ","### Review: When students approach this question, they might first recall the common parameters associated with print() and input() functions in Python. Distractor A, ""end,"" is a parameter used in the print() function to specify what to print at the end of the output, which might confuse students who conflate the functionalities of print() and input(). This confusion is plausible because students often learn these functions together and might not clearly distinguish their parameters. On the other hand, Distractor B, ""%,"" is not a parameter for either function but might seem plausible due to its use in string formatting and other programming contexts. Students might mistakenly think it is a special character used for string operations in input(). Comparing the two, Distractor B is more likely to be chosen because it introduces a different kind of confusion related to string operations, which can be a common area of misconception. Students might incorrectly associate ""%"" with string manipulation, making it a more attractive but incorrect choice.
### Choice: B"," ### Review: When students approach this question, they might first recall the common parameters associated with Python's `print()` function, which influences their thought process when considering the `input()` function. Distractor A, ""end,"" might seem plausible because students often see it in print statements and might mistakenly believe it applies similarly to `input()`. They might think it controls what is appended at the end of the string being inputted. Distractor B, ""%,"" could confuse students who might be familiar with string formatting or the modulo operator in other programming contexts, leading them to incorrectly Associate it with string insertion. However, the correct answer, ""sep,"" is less commonly encountered in this context, making it less intuitive. Comparing the two, students are more likely to choose Distractor A due to its familiarity and perceived relevance to the `print()` function, which can lead to confusion between the two functions' parameters.
### Choice: A"
1559447,Which option is used to specify a specific string to be inserted between each item when using the input() function?,sep,"a, b",end,%,0.07,B,"[INST] You are a teacher analyzing which distractor in a given Multiple Choice Question is more confusing for students and why.
Your review should include the following content in one paragraph:
- Describe realistic process of solving the problem from a student's perspective as you look at each distractor. Consider why it might be plausible as the correct/incorrect statement, based on students' misconceptions, mistakes, intuition, etc., from various angles.
- Output your choice as a single token, either A or B, that students are more likely to choose.

[Question]
Which option is used to specify a specific string to be inserted between each item when using the input() function?

[Answer]
sep

[Distractor A]
end

[Distractor B]
%

Generate in the following format:
### Review: 
### Choice: [/INST] ","### Review: When students approach this question, they might first recall the common parameters associated with print() and input() functions in Python. Distractor A, ""end,"" is a parameter used in the print() function to specify what to print at the end of the output, which might confuse students who conflate the functionalities of print() and input(). This confusion is plausible because students often learn these functions together and might not clearly distinguish their parameters. On the other hand, Distractor B, ""%,"" is not a parameter for either function but might seem plausible due to its use in string formatting and other programming contexts. Students might mistakenly think it is a special character used for string operations in input(). Comparing the two, Distractor B is more likely to be chosen because it introduces a different kind of confusion related to string operations, which can be a common area of misconception. Students might incorrectly associate ""%"" with string manipulation, making it a more attractive but incorrect choice.
### Choice: B"," ### Review: When students encounter a question about the `input()` function in Python, they often rely on their existing knowledge of common function parameters or get confused by similar-sounding terms. Distractor A ""end"" might catch students because it is a parameter used in the `print()` function to specify what to append at the end of the output, making it plausible to think it might also apply to `input()`. Students might mistakenly believe ""end"" could control what is being read as input. Distractor B ""%"" resembles the format specifier in string operations within Python (e.g., f-strings), making it seem like it could possibly fit in the context of a function parameter discussion. This distractor can trick students who remember seeing the `%` symbol in str.format() or other contexts and misapply their knowledge to this question. However, given that ""end"" is clearly associated with an output function and might be wrongly assumed to work similarly for input, it's more likely to be mistakenly identified as the correct answer.
### Choice: 
A"
1559447,Which option is used to specify a specific string to be inserted between each item when using the input() function?,sep,"a, b",end,%,0.07,B,"[INST] You are a teacher analyzing which distractor in a given Multiple Choice Question is more confusing for students and why.
Your review should include the following content in one paragraph:
- Describe realistic process of solving the problem from a student's perspective as you look at each distractor. Consider why it might be plausible as the correct/incorrect statement, based on students' misconceptions, mistakes, intuition, etc., from various angles.
- Output your choice as a single token, either A or B, that students are more likely to choose.

[Question]
Which option is used to specify a specific string to be inserted between each item when using the input() function?

[Answer]
sep

[Distractor A]
end

[Distractor B]
%

Generate in the following format:
### Review: 
### Choice: [/INST] ","### Review: When students approach this question, they might first recall the common parameters associated with print() and input() functions in Python. Distractor A, ""end,"" is a parameter used in the print() function to specify what to print at the end of the output, which might confuse students who conflate the functionalities of print() and input(). This confusion is plausible because students often learn these functions together and might not clearly distinguish their parameters. On the other hand, Distractor B, ""%,"" is not a parameter for either function but might seem plausible due to its use in string formatting and other programming contexts. Students might mistakenly think it is a special character used for string operations in input(). Comparing the two, Distractor B is more likely to be chosen because it introduces a different kind of confusion related to string operations, which can be a common area of misconception. Students might incorrectly associate ""%"" with string manipulation, making it a more attractive but incorrect choice.
### Choice: B"," ### Review: 
When solving this problem, students might first recall their knowledge of functions that customize output in Python. They might recognize ""end"" as a common parameter in the print() function, which is used to specify what to append at the end of each printed line. This could make ""end"" seem like a plausible choice because students might mistakenly conflate the functionalities of input() and print(). ""Sep"" is the correct parameter for the input() function, which specifies the string to insert between multiple items. Distractor B (%), could confuse students who are familiar with the string formatting operator in Python, which uses % to insert strings between other strings and variables. As such, students might misinterpret % as the correct parameter for the input() function. However, considering typical student misconceptions and the frequent use of ""end"" in output-related operations, ""end"" appears more likely to be misselected by students.
### Choice: A"
1559447,Which option is used to specify a specific string to be inserted between each item when using the input() function?,sep,"a, b",end,%,0.07,B,"[INST] You are a teacher analyzing which distractor in a given Multiple Choice Question is more confusing for students and why.
Your review should include the following content in one paragraph:
- Describe realistic process of solving the problem from a student's perspective as you look at each distractor. Consider why it might be plausible as the correct/incorrect statement, based on students' misconceptions, mistakes, intuition, etc., from various angles.
- Output your choice as a single token, either A or B, that students are more likely to choose.

[Question]
Which option is used to specify a specific string to be inserted between each item when using the input() function?

[Answer]
sep

[Distractor A]
end

[Distractor B]
%

Generate in the following format:
### Review: 
### Choice: [/INST] ","### Review: When students approach this question, they might first recall the common parameters associated with print() and input() functions in Python. Distractor A, ""end,"" is a parameter used in the print() function to specify what to print at the end of the output, which might confuse students who conflate the functionalities of print() and input(). This confusion is plausible because students often learn these functions together and might not clearly distinguish their parameters. On the other hand, Distractor B, ""%,"" is not a parameter for either function but might seem plausible due to its use in string formatting and other programming contexts. Students might mistakenly think it is a special character used for string operations in input(). Comparing the two, Distractor B is more likely to be chosen because it introduces a different kind of confusion related to string operations, which can be a common area of misconception. Students might incorrectly associate ""%"" with string manipulation, making it a more attractive but incorrect choice.
### Choice: B"," ### Review: When students approach this question, they might first recall the common parameters associated with print() in Python, which they are more likely to have used frequently. The parameter 'sep' is specifically used in the input() function to specify a string to be inserted between each item, which might not be as instantly recognized. Distractor A, 'end', is a parameter used in the print() function to specify what to print at the end of the output, which might confuse students who conflate the functionalities of input() and print(). This confusion is compounded because 'end' is a valid parameter in a context they are more familiar with, making it seem plausible. Distractor B, '%', might be less confusing because it does not closely resemble any parameter name in Python's input/output functions and could be dismissed more quickly by students who remember string formatting syntax but do not associate it directly with input() or print(). Given these considerations, students are more likely to choose Distractor A, 'end', due to its closer association with the print() function and the common mix-up between these functions.
### Choice: A"
1559447,Which option is used to specify a specific string to be inserted between each item when using the input() function?,sep,"a, c",end,"string, string",0.04,A,"[INST] You are a teacher analyzing which distractor in a given Multiple Choice Question is more confusing for students and why.
Your review should include the following content in one paragraph:
- Describe realistic process of solving the problem from a student's perspective as you look at each distractor. Consider why it might be plausible as the correct/incorrect statement, based on students' misconceptions, mistakes, intuition, etc., from various angles.
- Output your choice as a single token, either A or B, that students are more likely to choose.

[Question]
Which option is used to specify a specific string to be inserted between each item when using the input() function?

[Answer]
sep

[Distractor A]
end

[Distractor B]
string, string

Generate in the following format:
### Review: 
### Choice: [/INST] ","### Review: When students approach this question, they might first recall the common parameters associated with print() and input() functions in Python. Distractor A, ""end,"" is a parameter used in the print() function to specify what to print at the end of the output, which might confuse students who conflate the functionalities of print() and input(). This confusion is plausible because students often learn these functions together and might not clearly distinguish their parameters. On the other hand, Distractor B, ""string, string,"" might seem less plausible because it does not follow the typical parameter naming conventions in Python and might appear syntactically incorrect to students familiar with Python's function parameters. Given these considerations, students are more likely to choose Distractor A due to the common misconception of mixing up parameters between print() and input() functions.
### Choice: A"," ### Review: When students approach this question, they might first recall the common parameters associated with print() and input() functions in Python. Distractor A, ""end,"" is a parameter used in the print() function to specify what to print at the end of the output, which might confuse students who conflate the functionalities of these two functions. However, students who remember that input() does not have an ""end"" parameter might quickly dismiss it. On the other hand, Distractor B, ""string, string,"" could be more confusing because it might mislead students into thinking it refers to creating or concatenating strings within the input function. This distractor plays on the common misconception that parameters in functions can be listed in an implying manner or that input() might interpret strings in a specific way behind the scenes. Given these considerations, students are more likely to choose Distractor B because it aligns with their intuition about how strings might be handled in user input operations, despite being incorrect.
### Choice: B"
1559447,Which option is used to specify a specific string to be inserted between each item when using the input() function?,sep,"c, a","string, string",end,0.04,B,"[INST] You are a teacher analyzing which distractor in a given Multiple Choice Question is more confusing for students and why.
Your review should include the following content in one paragraph:
- Describe realistic process of solving the problem from a student's perspective as you look at each distractor. Consider why it might be plausible as the correct/incorrect statement, based on students' misconceptions, mistakes, intuition, etc., from various angles.
- Output your choice as a single token, either A or B, that students are more likely to choose.

[Question]
Which option is used to specify a specific string to be inserted between each item when using the input() function?

[Answer]
sep

[Distractor A]
string, string

[Distractor B]
end

Generate in the following format:
### Review: 
### Choice: [/INST] ","### Review: When students approach this question, they might first recall the common parameters associated with functions that handle strings in Python. Distractor A, ""string, string,"" might initially seem plausible because it mentions ""string"" twice, which could mislead students into thinking it relates to inserting strings. However, upon closer inspection, students familiar with Python syntax would recognize that ""string, string"" is not a valid parameter format. On the other hand, Distractor B, ""end,"" is a parameter used in the print() function to specify what to append at the end of the output, which might confuse students who conflate the functionalities of input() and print(). Given that ""end"" is a legitimate parameter in a related context, students are more likely to mistakenly choose it, thinking it serves a similar purpose in the input() function. Therefore, Distractor B is more confusing and likely to be chosen by students due to this common misconception.
### Choice: B"," ### Review: From a student’s perspective, solving this problem requires some specific knowledge of Python's `input()` function and familiarity with related function parameters. Students might start by recalling common parameters they have seen in input/output functions in Python, such as `print()` and `file.write()`. Seeing ""string, string"" in Distractor A (A: ""string, string""), a student might mistakenly associate it with the idea of inserting or concatenating strings, interpreting it as requiring two strings to be pasted between items, due to a misunderstanding of how parameters appear in function calls. Such a misunderstanding might stem from a surface-level reading or poor recall of syntax details. As for Distractor B (B: ""end""), students might consider it similar to the `print()` function's `end` parameter, which is used to specify what to append at the end of the printed output. This distractor plays on the intuitive association between `input()` and `print()`, making it easier for students to confuse the two, especially if they are recalling less structured, more intuitive usage of these functions without strong conceptual clarity. However, since ""end"" is a valid parameter in a context related to the problem (even if incorrect in this context), students with partial knowledge are likely to perceive it as a more plausible choice. Comparing the two, Distractor A is more likely to confuse students precisely because it is less directly tied to known parameters but still suggests a plausible mechanism for insertion, relying on misinterpretation and lack of precise recall.
### Choice: A"
1555510,Which of the following statements about the Python language is incorrect?,Python is easy to learn but not very performant.,"b, a",Python is one of the most popular programming languages in the world.,Python was developed in the 1990s.,0.01,B,"[INST] You are a teacher analyzing which distractor in a given Multiple Choice Question is more confusing for students and why.
Your review should include the following content in one paragraph:
- Describe realistic process of solving the problem from a student's perspective as you look at each distractor. Consider why it might be plausible as the correct/incorrect statement, based on students' misconceptions, mistakes, intuition, etc., from various angles.
- Output your choice as a single token, either A or B, that students are more likely to choose.

[Question]
Which of the following statements about the Python language is incorrect?

[Answer]
Python is easy to learn but not very performant.

[Distractor A]
Python is one of the most popular programming languages in the world.

[Distractor B]
Python was developed in the 1990s.

Generate in the following format:
### Review: 
### Choice: [/INST] ","### Review: When students approach this question, they first need to identify the incorrect statement about Python. Distractor A, ""Python is one of the most popular programming languages in the world,"" is likely to be quickly dismissed by students who are aware of Python's widespread use in various fields such as web development, data science, and automation. This statement aligns with their understanding and is easily recognized as correct. Distractor B, ""Python was developed in the 1990s,"" might confuse students due to a common misconception about the timeline of programming languages. While Python was indeed conceived in the late 1980s and released in the early 1990s, students might not be certain about the exact decade, leading them to question its accuracy. This uncertainty makes Distractor B more plausible as the incorrect statement, especially if students are not well-versed in the history of programming languages. Comparing the two, Distractor B is more likely to be chosen by students due to the ambiguity surrounding the development timeline of Python, whereas Distractor A is straightforward and aligns with their general knowledge.
### Choice: B"," ### Review: From a student's perspective, solving this multiple-choice question requires verifying each statement's factualness. Distractor A says ""Python is one of the most popular programming languages in the world."" Students might consider this plausible due to the widespread use of Python in various fields like data science, web development, and scripting, which could lead them to accept it as correct without much scrutiny. Distractor B states ""Python was developed in the 1990s."" While this statement is true, students might find it confusing due to varying levels of acquaintance with the history of programming languages. Knowing that Python's development decade isn't commonly emphasized in basic courses, students might second-guess it, leading them to potentially identify it as the incorrect statement. The true incorrect statement is ""Python is easy to learn but not very performant,"" as no language is universally considered easy to learn and lackluster in performance together. However, considering common student misconceptions and the general acceptance of Python's popularity, they may overlook the actual error.
### Choice: A"
1555510,Which of the following statements about the Python language is incorrect?,Python is easy to learn but not very performant.,"c, b",Python is very accessible to beginners compared to other programming languages.,Python is one of the most popular programming languages in the world.,0.01,B,"[INST] You are a teacher analyzing which distractor in a given Multiple Choice Question is more confusing for students and why.
Your review should include the following content in one paragraph:
- Describe realistic process of solving the problem from a student's perspective as you look at each distractor. Consider why it might be plausible as the correct/incorrect statement, based on students' misconceptions, mistakes, intuition, etc., from various angles.
- Output your choice as a single token, either A or B, that students are more likely to choose.

[Question]
Which of the following statements about the Python language is incorrect?

[Answer]
Python is easy to learn but not very performant.

[Distractor A]
Python is very accessible to beginners compared to other programming languages.

[Distractor B]
Python is one of the most popular programming languages in the world.

Generate in the following format:
### Review: 
### Choice: [/INST] ","### Review: When students approach this question, they might first consider their general knowledge about Python. Distractor A, ""Python is very accessible to beginners compared to other programming languages,"" aligns with the common understanding that Python is known for its simplicity and readability, making it a plausible correct statement. Students who have experienced Python's user-friendly syntax might find this statement accurate. On the other hand, Distractor B, ""Python is one of the most popular programming languages in the world,"" also seems plausible because Python's popularity is widely recognized in the programming community. However, students might confuse popularity with performance, leading them to overlook the subtle distinction that the question is asking for an incorrect statement. Given that both distractors are true, students might be more inclined to choose Distractor B due to its broad and well-known claim about Python's popularity, which might overshadow the nuanced understanding required to identify the correct answer.
### Choice: B"," ### Review: When solving the problem, students might consider the general attributes of Python, as they typically hear about its ease of use and popularity in educational settings. Distractor A could be plausible because many students might have encountered Python first or know it's considered a beginner-friendly language. Some might conflate this with Python being ""very accessible,"" possibly missing the nuance that accessibility doesn't necessarily denote ease in all aspects compared to other languages. Conversely, Distractor B states that Python is one of the most popular programming languages, which is a widely recognized fact supported by numerous surveys and usage statistics. Hence, students are less likely to consider it incorrect. Given these points, students, particularly those with basic knowledge, could be confused by Distractor A, as they might overthink or misinterpret the accessibility aspect.
### Choice: A"
1556043,Which program is necessary for Python programming practice that means 'Integrated Development and Learning Environment'?,IDLE,"a, b",Operating System,Notepad,0.02,A,"[INST] You are a teacher analyzing which distractor in a given Multiple Choice Question is more confusing for students and why.
Your review should include the following content in one paragraph:
- Describe realistic process of solving the problem from a student's perspective as you look at each distractor. Consider why it might be plausible as the correct/incorrect statement, based on students' misconceptions, mistakes, intuition, etc., from various angles.
- Output your choice as a single token, either A or B, that students are more likely to choose.

[Question]
Which program is necessary for Python programming practice that means 'Integrated Development and Learning Environment'?

[Answer]
IDLE

[Distractor A]
Operating System

[Distractor B]
Notepad

Generate in the following format:
### Review: 
### Choice: [/INST] ","### Review: When students approach the question about the necessary program for Python programming practice, they might first consider the term 'Integrated Development and Learning Environment' (IDLE). Distractor A, 'Operating System,' could confuse students who know that an operating system is essential for running any software, including Python, but might not realize it is not specific to Python programming practice. This distractor plays on the broader understanding of what is necessary for any computer operation, leading to a plausible but incorrect choice. Distractor B, 'Notepad,' might seem plausible because it is a text editor that can be used to write Python code. However, students with some familiarity with programming environments might recognize that Notepad lacks the integrated features specific to Python development and learning. Comparing the two, 'Operating System' is more likely to be chosen by students due to its fundamental role in running software, which can mislead them into thinking it is the correct answer for this specific context.
### Choice: A"," ### Review: From a student's perspective, the process of solving the problem starts with understanding the term 'Integrated Development and Learning Environment.' Students familiar with programming environments might recognize that IDLE is a specialized Python environment, but those less familiar might get confused by the distractors. Distractor A, 'Operating System,' could confuse students who know that an operating system is essential for running software but might not realize it's too broad a term and not specific to Python programming practice. Distractor B, 'Notepad,' might seem plausible because it's a text editor and could be mistakenly thought of as an environment for coding. However, students with some programming experience might recall that Notepad lacks the integrated features specific to programming and learning environments. Comparing the two, 'Notepad' appears more related to coding and might be mistakenly seen as a development tool, whereas 'Operating System' is more likely to be dismissed as too general and unrelated to the specific task of programming practice. Therefore, students might find 'Notepad' a more confusing distractor due to its closer association with coding tasks.
### Choice: B"
1556043,Which program is necessary for Python programming practice that means 'Integrated Development and Learning Environment'?,IDLE,"a, b",Operating System,Notepad,0.02,A,"[INST] You are a teacher analyzing which distractor in a given Multiple Choice Question is more confusing for students and why.
Your review should include the following content in one paragraph:
- Describe realistic process of solving the problem from a student's perspective as you look at each distractor. Consider why it might be plausible as the correct/incorrect statement, based on students' misconceptions, mistakes, intuition, etc., from various angles.
- Output your choice as a single token, either A or B, that students are more likely to choose.

[Question]
Which program is necessary for Python programming practice that means 'Integrated Development and Learning Environment'?

[Answer]
IDLE

[Distractor A]
Operating System

[Distractor B]
Notepad

Generate in the following format:
### Review: 
### Choice: [/INST] ","### Review: When students approach the question about the necessary program for Python programming practice, they might first consider the term 'Integrated Development and Learning Environment' (IDLE). Distractor A, 'Operating System,' could confuse students who know that an operating system is essential for running any software, including Python, but might not realize it is not specific to Python programming practice. This distractor plays on the broader understanding of what is necessary for any computer operation, leading to a plausible but incorrect choice. Distractor B, 'Notepad,' might seem plausible because it is a text editor that can be used to write Python code. However, students with some familiarity with programming environments might recognize that Notepad lacks the integrated features specific to Python development and learning. Comparing the two, 'Operating System' is more likely to be chosen by students due to its fundamental role in running software, which can mislead them into thinking it is the correct answer for this specific context.
### Choice: A"," ### Review: From a student's perspective, solving this problem involves identifying key terms in the question related to Python programming practice, such as ""Integrated Development and Learning Environment."" Distractor A, ""Operating System,"" might seem plausible to some students because an operating system is essential for running any software, including programming environments, which could lead to confusion. However, students with a basic understanding of programming would likely recognize that an operating system is too broad and not specifically an environment for development and learning. Distractor B, ""Notepad,"" is more confusing because students might associate it with writing and editing text, something they often do in coding. Notepad, while a simple text editor, is not designed for the specific features of an IDLE, so less experienced students may mistakenly equate any text editing environment with Python's IDLE due to its simplicity and accessibility. This misconception, along with the fact that Notepad is familiar and easily accessible, would make students more likely to choose it.
### Choice: B"
1556043,Which program is necessary for Python programming practice that means 'Integrated Development and Learning Environment'?,IDLE,"b, a",Notepad,Operating System,0.02,B,"[INST] You are a teacher analyzing which distractor in a given Multiple Choice Question is more confusing for students and why.
Your review should include the following content in one paragraph:
- Describe realistic process of solving the problem from a student's perspective as you look at each distractor. Consider why it might be plausible as the correct/incorrect statement, based on students' misconceptions, mistakes, intuition, etc., from various angles.
- Output your choice as a single token, either A or B, that students are more likely to choose.

[Question]
Which program is necessary for Python programming practice that means 'Integrated Development and Learning Environment'?

[Answer]
IDLE

[Distractor A]
Notepad

[Distractor B]
Operating System

Generate in the following format:
### Review: 
### Choice: [/INST] ","### Review: When students approach the question about the necessary program for Python programming practice, they might first consider their familiarity with different tools and environments. Distractor A, Notepad, could seem plausible because students might have used it for simple text editing or even basic coding tasks. However, upon reflection, they might realize that Notepad lacks the specialized features of an Integrated Development and Learning Environment (IDLE). On the other hand, Distractor B, Operating System, might confuse students due to its fundamental role in running any software, including Python. Students might mistakenly think that since an operating system is essential for running Python, it could be the answer. This misconception is rooted in the broader understanding of what is necessary for programming, leading them to overlook the specific requirement of an IDLE. Comparing the two, Distractor B is more likely to be chosen because it aligns with a more general but incorrect understanding of the necessary components for programming, making it a more confusing option for students.
### Choice: B"," ### Review: When approaching the problem of identifying which software is necessary for Python programming practice, students might first recognize that they need a tool specialized for coding. Considering Distractor A, Notepad, students familiar with basic programming tools might recall that Notepad is a generic text editor and realize it lacks the integrated development features specific to programming environments. On the other hand, Distractor B, Operating System, could confuse students due to their general understanding that an operating system is essential for running any software, including programming environments. This might lead them to mistakenly associate it with the necessity for programming practice specifically. However, when analyzing why students are more likely to choose Notepad over the Operating System, it is because Notepad, despite its limitations, is still a plausible option due to its accessibility and familiarity as a text editor. Conversely, the term ""Operating System"" might be seen as too broad and less directly related to the specific task of programming practice, leading to its dismissal as an appropriate answer.
### Choice: A"
1556043,Which program is necessary for Python programming practice that means 'Integrated Development and Learning Environment'?,IDLE,"b, c",Notepad,Internet Explorer,0.01,B,"[INST] You are a teacher analyzing which distractor in a given Multiple Choice Question is more confusing for students and why.
Your review should include the following content in one paragraph:
- Describe realistic process of solving the problem from a student's perspective as you look at each distractor. Consider why it might be plausible as the correct/incorrect statement, based on students' misconceptions, mistakes, intuition, etc., from various angles.
- Output your choice as a single token, either A or B, that students are more likely to choose.

[Question]
Which program is necessary for Python programming practice that means 'Integrated Development and Learning Environment'?

[Answer]
IDLE

[Distractor A]
Notepad

[Distractor B]
Internet Explorer

Generate in the following format:
### Review: 
### Choice: [/INST] ","### Review: When students approach this question, they might first consider what they know about Python programming and the tools associated with it. Distractor A, Notepad, could seem plausible because students might have used simple text editors for coding in the past, and they might not immediately recall that Notepad lacks the integrated features specific to Python development. On the other hand, Distractor B, Internet Explorer, might confuse students who are less familiar with programming environments and more accustomed to using web browsers for various tasks, including accessing online coding platforms. This misconception could lead them to mistakenly associate Internet Explorer with programming practice. Comparing the two, students are more likely to choose Internet Explorer because it is a more familiar tool in their daily digital interactions, and they might not fully understand the specific requirements of an Integrated Development and Learning Environment.
### Choice: B"," ### Review: 
When approaching this multiple-choice question, students might initially eliminate ""Internet Explorer"" as it is commonly recognized as a web browser rather than any form of coding environment. However, when students consider ""Notepad,"" they may fall into a trap due to their familiarity with basic text editing software. ""Notepad"" can be mistakenly conceived as a simple and lightweight solution for coding practices, making it a plausible but incorrect option. Misconceptions may also arise from students' experience with using minimalistic tools for writing code. Hence, compared to the more obvious incorrect answer ""Internet Explorer,"" ""Notepad"" appears more credible to students who might not yet have been introduced to specialized integrated development environments.
### Choice: A"
1556043,Which program is necessary for Python programming practice that means 'Integrated Development and Learning Environment'?,IDLE,"c, b",Internet Explorer,Notepad,0.01,A,"[INST] You are a teacher analyzing which distractor in a given Multiple Choice Question is more confusing for students and why.
Your review should include the following content in one paragraph:
- Describe realistic process of solving the problem from a student's perspective as you look at each distractor. Consider why it might be plausible as the correct/incorrect statement, based on students' misconceptions, mistakes, intuition, etc., from various angles.
- Output your choice as a single token, either A or B, that students are more likely to choose.

[Question]
Which program is necessary for Python programming practice that means 'Integrated Development and Learning Environment'?

[Answer]
IDLE

[Distractor A]
Internet Explorer

[Distractor B]
Notepad

Generate in the following format:
### Review: 
### Choice: [/INST] ","### Review: When students approach this question, they might first consider what they know about tools used for programming. Distractor A, Internet Explorer, could confuse students who might mistakenly associate it with general software needed for internet-based activities, including programming. This misconception could stem from a lack of understanding of what an Integrated Development and Learning Environment (IDLE) specifically entails. On the other hand, Distractor B, Notepad, is a more plausible option because it is a text editor that some students might have used for simple coding tasks. However, students with a basic understanding of programming environments might recognize that Notepad lacks the integrated features of an IDLE. Comparing the two, Internet Explorer is more likely to be chosen by students who are less familiar with programming environments and might incorrectly associate it with necessary software for any computer-based task, including programming. This aligns with the common misconception that any software facilitating internet access could be relevant to programming.
### Choice: A"," ### Review: When students approach the question about the necessary program for Python programming practice, they might first consider the term ""Integrated Development and Learning Environment."" A student familiar with programming environments might immediately think of tools specifically designed for coding, such as IDLE. However, for those less familiar, the distractors could be confusing. Distractor A, Internet Explorer, might be chosen by students who associate it with general internet activities, including potentially thinking it's a necessary tool for accessing coding platforms or resources online. On the other hand, Distractor B, Notepad, is a more plausible choice as it is a basic text editor often used for writing code, though it lacks the integrated features of an IDE. Students might mistakenly choose Notepad, thinking it qualifies as a simple coding tool, especially if they have used it in the past for programming tasks. This makes Notepad a more intuitive but incorrect choice, as students might not fully grasp the specific requirements of an Integrated Development Environment.
### Choice: B"
1556043,Which program is necessary for Python programming practice that means 'Integrated Development and Learning Environment'?,IDLE,"c, b",Internet Explorer,Notepad,0.01,A,"[INST] You are a teacher analyzing which distractor in a given Multiple Choice Question is more confusing for students and why.
Your review should include the following content in one paragraph:
- Describe realistic process of solving the problem from a student's perspective as you look at each distractor. Consider why it might be plausible as the correct/incorrect statement, based on students' misconceptions, mistakes, intuition, etc., from various angles.
- Output your choice as a single token, either A or B, that students are more likely to choose.

[Question]
Which program is necessary for Python programming practice that means 'Integrated Development and Learning Environment'?

[Answer]
IDLE

[Distractor A]
Internet Explorer

[Distractor B]
Notepad

Generate in the following format:
### Review: 
### Choice: [/INST] ","### Review: When students approach this question, they might first consider what they know about tools used for programming. Distractor A, Internet Explorer, could confuse students who might mistakenly associate it with general software needed for internet-based activities, including programming. This misconception could stem from a lack of understanding of what an Integrated Development and Learning Environment (IDLE) specifically entails. On the other hand, Distractor B, Notepad, is a more plausible option because it is a text editor that some students might have used for simple coding tasks. However, students with a basic understanding of programming environments might recognize that Notepad lacks the integrated features of an IDLE. Comparing the two, Internet Explorer is more likely to be chosen by students who are less familiar with programming environments and might incorrectly associate it with necessary software for any computer-based task, including programming. This aligns with the common misconception that any software facilitating internet access could be relevant to programming.
### Choice: A"," ### Review: When students approach the question, they might first consider the term ""Integrated Development and Learning Environment"" (IDLE) and try to recall any software related to programming. Distractor A, Internet Explorer, might initially seem plausible because students often associate browsers with accessing information online, which could be confused with development environments. However, upon further reflection, they might realize that Internet Explorer is primarily a web browser and not a programming tool. On the other hand, Distractor B, Notepad, is a text editor that comes with Windows and is often used for simple coding tasks. This might lead students to think it is a more reasonable choice since it is associated with writing code. Given that Notepad is more closely related to coding compared to Internet Explorer, students are more likely to confuse it with an actual programming environment like IDLE. Therefore, the realistic process of solving this problem could lead students to incorrectly choose Notepad as it aligns more closely with their misconceptions about what tools are necessary for programming practice.
### Choice: B"
1559409,What are the data types of 30 and '30' respectively?,"Integer, String","a, b","Integer, Integer","String, String",0.01,B,"[INST] You are a teacher analyzing which distractor in a given Multiple Choice Question is more confusing for students and why.
Your review should include the following content in one paragraph:
- Describe realistic process of solving the problem from a student's perspective as you look at each distractor. Consider why it might be plausible as the correct/incorrect statement, based on students' misconceptions, mistakes, intuition, etc., from various angles.
- Output your choice as a single token, either A or B, that students are more likely to choose.

[Question]
What are the data types of 30 and '30' respectively?

[Answer]
Integer, String

[Distractor A]
Integer, Integer

[Distractor B]
String, String

Generate in the following format:
### Review: 
### Choice: [/INST] ","### Review: When students approach the problem of identifying the data types of 30 and '30', they might first recognize that 30 is a number and '30' is enclosed in quotes, suggesting a difference. However, misconceptions can arise. For Distractor A, students might incorrectly assume that both 30 and '30' are integers because they visually appear similar, especially if they overlook the significance of the quotes. This mistake could stem from a lack of understanding of how programming languages differentiate between numeric and string data types. On the other hand, Distractor B might confuse students who think that the presence of quotes around '30' makes both values strings, especially if they have encountered contexts where numbers are treated as strings (e.g., in some text-based data). Comparing the two, Distractor B is more likely to be chosen because students might generalize the rule that anything in quotes is a string and mistakenly apply it to both values, leading to the incorrect conclusion that both are strings.
### Choice: B"," ### Review: When analyzing this problem from a student's perspective, the solution process can involve evaluating the data types of the literal `30` and the value in quotes `'30'`. A student may instinctively recognize that numeric values are generally integers and might quickly conclude that `30` is an Integer, as it is a common understanding. Distractor A, which sees `30` as an Integer and could create confusion due to a common student misconception: they might overlook the quotation marks and erroneously group both as Integer because they forget that string literals in programming languages are enclosed in quotation marks. Furthermore, students may often ignore context or fail to recall that a string is a sequence of characters rather than a numeric value. Distractor B, on the other hand, suggests both values are Strings. Although less intuitively wrong because quotes clearly denote a String, students might occasionally misunderstand type distinctions entirely, concluding equally both values are Strings out of a misapplied generalization or due to overthinking simple types. Nevertheless, Distractor A's simple yet poignant mistake is more likely chosen because students frequently misunderstand the nuance of type differentiation, particularly with numeric and string literals.
### Choice: A"
1559409,What are the data types of 30 and '30' respectively?,"Integer, String","a, b","Integer, Integer","String, String",0.01,B,"[INST] You are a teacher analyzing which distractor in a given Multiple Choice Question is more confusing for students and why.
Your review should include the following content in one paragraph:
- Describe realistic process of solving the problem from a student's perspective as you look at each distractor. Consider why it might be plausible as the correct/incorrect statement, based on students' misconceptions, mistakes, intuition, etc., from various angles.
- Output your choice as a single token, either A or B, that students are more likely to choose.

[Question]
What are the data types of 30 and '30' respectively?

[Answer]
Integer, String

[Distractor A]
Integer, Integer

[Distractor B]
String, String

Generate in the following format:
### Review: 
### Choice: [/INST] ","### Review: When students approach the problem of identifying the data types of 30 and '30', they might first recognize that 30 is a number and '30' is enclosed in quotes, suggesting a difference. However, misconceptions can arise. For Distractor A, students might incorrectly assume that both 30 and '30' are integers because they visually appear similar, especially if they overlook the significance of the quotes. This mistake could stem from a lack of understanding of how programming languages differentiate between numeric and string data types. On the other hand, Distractor B might confuse students who think that the presence of quotes around '30' makes both values strings, especially if they have encountered contexts where numbers are treated as strings (e.g., in some text-based data). Comparing the two, Distractor B is more likely to be chosen because students might generalize the rule that anything in quotes is a string and mistakenly apply it to both values, leading to the incorrect conclusion that both are strings.
### Choice: B","  ### Review: When students approach the problem of determining the data types of 30 and '30', they might first recognize that both values are presented, one as a number and one enclosed in quotes. A common initial step is to recall basic data types, where integers and strings are fundamental concepts. Distractor A (Integer, Integer) can be tempting because students might mistakenly view the presence of numbers in both instances as an indication of a common type. This can stem from a misconception that any numerical representation is uniformly of the integer type. Distractor B (String, String), on the other hand, can appear plausible if students overlook the specific syntax of numbers and strings, instead focusing on the formatted presentation of values and incorrectly concluding that both must be strings due to the quotation marks being a common denominator. However, Distractor A is more likely to confuse students more frequently because it aligns with a common beginner mistake of not distinguishing between numeric types and string types when both values involve numbers but in different contexts. This overlooks the nuanced understanding that one is numeric and the other is textual.
### Choice: A"
1559409,What are the data types of 30 and '30' respectively?,"Integer, String","a, b","Integer, Integer","String, String",0.01,B,"[INST] You are a teacher analyzing which distractor in a given Multiple Choice Question is more confusing for students and why.
Your review should include the following content in one paragraph:
- Describe realistic process of solving the problem from a student's perspective as you look at each distractor. Consider why it might be plausible as the correct/incorrect statement, based on students' misconceptions, mistakes, intuition, etc., from various angles.
- Output your choice as a single token, either A or B, that students are more likely to choose.

[Question]
What are the data types of 30 and '30' respectively?

[Answer]
Integer, String

[Distractor A]
Integer, Integer

[Distractor B]
String, String

Generate in the following format:
### Review: 
### Choice: [/INST] ","### Review: When students approach the problem of identifying the data types of 30 and '30', they might first recognize that 30 is a number and '30' is enclosed in quotes, suggesting a difference. However, misconceptions can arise. For Distractor A, students might incorrectly assume that both 30 and '30' are integers because they visually appear similar, especially if they overlook the significance of the quotes. This mistake could stem from a lack of understanding of how programming languages differentiate between numeric and string data types. On the other hand, Distractor B might confuse students who think that the presence of quotes around '30' makes both values strings, especially if they have encountered contexts where numbers are treated as strings (e.g., in some text-based data). Comparing the two, Distractor B is more likely to be chosen because students might generalize the rule that anything in quotes is a string and mistakenly apply it to both values, leading to the incorrect conclusion that both are strings.
### Choice: B"," ### Review: When students approach this question, they might first recognize that '30' is enclosed in quotes, suggesting it is a string. However, they might get confused when considering 30. If they misunderstand type inference or fail to recognize that 30 without quotes is a numerical type, they might incorrectly assume both values are of the same type, leading them to choose ""Integer, Integer."" This mistake is plausible due to a common misconception that if one value is a number, the other must also be a number. On the other hand, if students are influenced by the fact that both values appear similar and overlook the quotes around '30', they might incorrectly conclude both are strings, making ""String, String"" seem like a plausible choice. However, the confusion surrounding numerical type detection is more frequent and intuitive, leading many students to choose ""Integer, Integer.""
### Choice: A"
1559409,What are the data types of 30 and '30' respectively?,"Integer, String","a, b","Integer, Integer","String, String",0.01,B,"[INST] You are a teacher analyzing which distractor in a given Multiple Choice Question is more confusing for students and why.
Your review should include the following content in one paragraph:
- Describe realistic process of solving the problem from a student's perspective as you look at each distractor. Consider why it might be plausible as the correct/incorrect statement, based on students' misconceptions, mistakes, intuition, etc., from various angles.
- Output your choice as a single token, either A or B, that students are more likely to choose.

[Question]
What are the data types of 30 and '30' respectively?

[Answer]
Integer, String

[Distractor A]
Integer, Integer

[Distractor B]
String, String

Generate in the following format:
### Review: 
### Choice: [/INST] ","### Review: When students approach the problem of identifying the data types of 30 and '30', they might first recognize that 30 is a number and '30' is enclosed in quotes, suggesting a difference. However, misconceptions can arise. For Distractor A, students might incorrectly assume that both 30 and '30' are integers because they visually appear similar, especially if they overlook the significance of the quotes. This mistake could stem from a lack of understanding of how programming languages differentiate between numeric and string data types. On the other hand, Distractor B might confuse students who think that the presence of quotes around '30' makes both values strings, especially if they have encountered contexts where numbers are treated as strings (e.g., in some text-based data). Comparing the two, Distractor B is more likely to be chosen because students might generalize the rule that anything in quotes is a string and mistakenly apply it to both values, leading to the incorrect conclusion that both are strings.
### Choice: B"," ### Review: When analyzing the problem from a student's perspective, the process of solving the issue begins with recognizing the data types of 30 and '30'. A common pitfall can arise from distinguishing between numerical and string literals in programming. Many students may initially evaluate 30 and '30' together, focusing on the fact that both appear as numeric characters and may mistakenly assume both must hold similar structures. Distractor A, 'Integer, Integer,' can mislead students by confirming their hasty misconception that without considering the influence of quotation marks, both could indeed represent integers. Students might fail to acknowledge that the presence of quotes signifies a string. On the other hand, Distractor B, 'String, String,' is less likely to be chosen as it directly contradicts their mental model, where they perceive clear differences between numerical and textual data types, despite both being misinterpreted due to quotation marks' influence. Therefore, Distractor A is a more cunning and frequent choice because it retains the initial intuitive mistake of overlooking quotation marks' relevance.
### Choice: A"
1559409,What are the data types of 30 and '30' respectively?,"Integer, String","a, b","Integer, Integer","String, String",0.01,B,"[INST] You are a teacher analyzing which distractor in a given Multiple Choice Question is more confusing for students and why.
Your review should include the following content in one paragraph:
- Describe realistic process of solving the problem from a student's perspective as you look at each distractor. Consider why it might be plausible as the correct/incorrect statement, based on students' misconceptions, mistakes, intuition, etc., from various angles.
- Output your choice as a single token, either A or B, that students are more likely to choose.

[Question]
What are the data types of 30 and '30' respectively?

[Answer]
Integer, String

[Distractor A]
Integer, Integer

[Distractor B]
String, String

Generate in the following format:
### Review: 
### Choice: [/INST] ","### Review: When students approach the problem of identifying the data types of 30 and '30', they might first recognize that 30 is a number and '30' is enclosed in quotes, suggesting a difference. However, misconceptions can arise. For Distractor A, students might incorrectly assume that both 30 and '30' are integers because they visually appear similar, especially if they overlook the significance of the quotes. This mistake could stem from a lack of understanding of how programming languages differentiate between numeric and string data types. On the other hand, Distractor B might confuse students who think that the presence of quotes around '30' makes both values strings, especially if they have encountered contexts where numbers are treated as strings (e.g., in some text-based data). Comparing the two, Distractor B is more likely to be chosen because students might generalize the rule that anything in quotes is a string and mistakenly apply it to both values, leading to the incorrect conclusion that both are strings.
### Choice: B"," ### Review: 
When students approach the problem of determining the data types of 30 and '30', they might focus on recognizing the types of numeric and string literals in programming languages. Upon first glance, ""30"" appears to be a number, leading students to recall that numbers are typically of the Integer type. Therefore, the first component '30' should be straightforward as both the student and the language's type system recognize it as a numeric type. For the second component '', students may recall that quotes denote a string, reinforcing the idea that anything within quotes is a String. However, as students rush through the problem, a common misconception might be to think of both components equally, possibly leading to the confusion that since they look similar, they must be processed similarly in memory. As they hurriedly jot down 'Integer, Integer', they fail to distinguish that without quotes, it is indeed an Integer. On the other hand, for Distractor B, students might assume that since one element is a String, both must be treated as such because they might believe variables or values should match entirely in their programming world, causing them to overlook the nuanced type differences. Thus, based on mistakes in intuition and recall, Distractor A is more plausible than B for students.
### Choice: A"
1558635,"What is the output when the following commands are executed in the Python shell?
```python
>>> a = ""안녕하세요.""
>>> b = ""반갑습니다!""
>>> c = a+b
>>> d = c[7:]
>>> print(d)
```",갑습니다!,"a, c",안녕하세요.반,.반갑습니다!,0.12,A,"[INST] You are a teacher analyzing which distractor in a given Multiple Choice Question is more confusing for students and why.
Your review should include the following content in one paragraph:
- Describe realistic process of solving the problem from a student's perspective as you look at each distractor. Consider why it might be plausible as the correct/incorrect statement, based on students' misconceptions, mistakes, intuition, etc., from various angles.
- Output your choice as a single token, either A or B, that students are more likely to choose.

[Question]
What is the output when the following commands are executed in the Python shell?
```python
>>> a = ""안녕하세요.""
>>> b = ""반갑습니다!""
>>> c = a+b
>>> d = c[7:]
>>> print(d)
```

[Answer]
갑습니다!

[Distractor A]
안녕하세요.반

[Distractor B]
.반갑습니다!

Generate in the following format:
### Review: 
### Choice: [/INST] ","### Review: When students approach this problem, they first need to understand the concatenation of strings in Python. The command `c = a+b` combines the strings ""안녕하세요."" and ""반갑습니다!"" into ""안녕하세요.반갑습니다!"". Next, the slicing operation `d = c[7:]` extracts the substring starting from the 7th index to the end, which results in ""갑습니다!"". Distractor A, ""안녕하세요.반"", might confuse students who misunderstand the slicing operation, thinking it might start from the beginning or misinterpret the index. Distractor B, "".반갑습니다!"", could seem plausible if students incorrectly assume the slicing starts from the 6th index or miscount the characters. However, Distractor A is more likely to be chosen because students might incorrectly think the slicing operation includes the initial part of the string due to a common misconception about how indexing works in Python.
### Choice: A"," ### Review: From a student's perspective, solving this problem starts with understanding how string concatenation and slicing operate in Python. The command `c = a+b` concatenates the strings ""안녕하세요."" and ""반갑습니다!"", resulting in ""안녕하세요.반갑습니다!"". The next command `d = c[7:]` extracts the substring starting from the 7th index to the end, which is "".반감사니다!"". The correct answer is ""갑습니다!"". 

Examining the distractors, A (""안녕하세요.반"") could confuse students who might simply append the two strings without properly indexing or who might overlook the slicing operation. This distractor leverages a common mistake of incorrect concatenation or misunderstanding the slicing mechanism. 

Distractor B ("".반갑습니다!"") appears plausible because it correctly depicts the sliced portion but lacks the leading characters, which might align with students' partial understanding of slicing but incorrect indexing. Given that the correct answer starts right after the period, a student might misstep by recalling that slices often start from such visual cues in strings, thereby making B a tempting yet incorrect answer.

Given the analysis, B is more nuanced and likely for students to misinterpret due to common indexing flaws.
### Choice: B"
1558635,"What is the output when the following commands are executed in the Python shell?
```python
>>> a = ""안녕하세요.""
>>> b = ""반갑습니다!""
>>> c = a+b
>>> d = c[7:]
>>> print(d)
```",갑습니다!,"c, a",.반갑습니다!,안녕하세요.반,0.12,B,"[INST] You are a teacher analyzing which distractor in a given Multiple Choice Question is more confusing for students and why.
Your review should include the following content in one paragraph:
- Describe realistic process of solving the problem from a student's perspective as you look at each distractor. Consider why it might be plausible as the correct/incorrect statement, based on students' misconceptions, mistakes, intuition, etc., from various angles.
- Output your choice as a single token, either A or B, that students are more likely to choose.

[Question]
What is the output when the following commands are executed in the Python shell?
```python
>>> a = ""안녕하세요.""
>>> b = ""반갑습니다!""
>>> c = a+b
>>> d = c[7:]
>>> print(d)
```

[Answer]
갑습니다!

[Distractor A]
.반갑습니다!

[Distractor B]
안녕하세요.반

Generate in the following format:
### Review: 
### Choice: [/INST] ","### Review: When students approach this problem, they first need to understand the concatenation of strings in Python and then the slicing operation. Initially, they might correctly concatenate `a` and `b` to form the string ""안녕하세요.반갑습니다!"". The next step involves slicing this concatenated string starting from the 7th index. Here, students might get confused about the indexing, especially if they are not familiar with zero-based indexing in Python. Distractor A, "".반갑습니다!"", might seem plausible if students mistakenly think the slicing starts from the 6th index or if they miscount the characters. However, Distractor B, ""안녕하세요.반"", could be more confusing because students might incorrectly assume that the slicing operation includes the first part of the string up to the 7th index, reflecting a common misconception about how slicing works. Given these considerations, students are more likely to choose Distractor B due to a misunderstanding of the slicing mechanism and zero-based indexing.
### Choice: B"," ### Review: From the perspective of a student trying to solve this Python problem, they'll begin by understanding the variable assignments and concatenation. When they see `a = ""안녕하세요.""` and `b = ""반갑습니다!""`, they will note that `c = a+b` concatenates both strings, resulting in `""안녕하세요.반갑습니다!""`. Next, when `d = c[7:]` executes, the substring from index 7 (including the character at index 7) to the end is assigned to `d`. This means `d` contains `""갑습니다!""` as the index 7 corresponds to the character `감` (the second character in `반갑습니다!`). Looking at Distractor A, `.반갑습니다!` appears plausible, especially if a student mistakenly thinks Python slices to include the period or if they misunderstand indexing boundaries, leading them to discard only part of the string including the period. Distractor B, `안녕하세요.반`, may confuse students who miscount the indices or misunderstand string slicing altogether, but it is less likely to be chosen because it misrepresents the concatenated string's content visibly more than Distractor A. Thus, Distractor A is more confusing and likely to be chosen by students due to it being a nearer, subtler indexing error.
### Choice: A"
